,link,predicted label
0,https://www.hamshahrionline.ir/news/503910/پرترافیک-ترین-جاده-های-ایران-پس-از-پایان-ممنوعیت-ترددهای-بین-استانی,0
1,https://www.hamshahrionline.ir/news/503441/نخستین-کاروان-حج-۹۹-ششم-تیر-اعزام-می-شود,2
2,https://www.hamshahrionline.ir/news/503002/ممنوعیت-ترددهای-بین-استانی-لغو-شد,4
3,https://www.hamshahrionline.ir/news/502442/نکات-ضدکرونایی-که-باید-در-سفرهای-ضروری-رعایت-کنید,2
4,https://www.hamshahrionline.ir/news/499583/چطور-بفهمیم-ممنوع-الخروجیم-امکان-اطلاع-از-ممنوع-الخروجی-فراهم,5
5,https://www.hamshahrionline.ir/news/499530/ممنوعیت-تردد-پلاک-های-غیربومی-تا-کی-ادامه-دارد,0
6,https://www.hamshahrionline.ir/news/498104/مردم-کدام-استان-ها-در-نوروز-بیشتر-به-مازندران-سفر-کردند-تردد,5
7,https://www.hamshahrionline.ir/news/497814/پیشنهاد-وزیر-گردشگری-برای-تعیین-تعطیلی-پس-از-کرونا,7
8,https://www.hamshahrionline.ir/news/496981/وضعیت-تردد-در-محورهای-برون-شهری-کشور-در-شبانه-روز-گذشته,0
9,https://www.hamshahrionline.ir/news/496976/کاهش-۵۷-درصدی-ترددها-۳۰-هزار-خودرو-هنوز-به-شهرهای-مبدأ-بازنگشته-اند,2
10,https://www.hamshahrionline.ir/news/496543/کاهش-۶۲-درصدی-سفرها-در-۱۵-روز-گذشته-۹۰-هزار-خودرو-از-آغاز-فاصله-گذاری,2
11,https://www.hamshahrionline.ir/news/496296/چقدر-از-بار-ترافیکی-جاده-ها-با-طرح-فاصله-گذاری-اجتماعی-کم-شد,4
12,https://www.hamshahrionline.ir/news/496290/ممنوعیت-ورود-خودروهای-پلاک-شهرستان-به-تهران-توقیف-یک-ماهه-خودروهای,6
13,https://www.hamshahrionline.ir/news/496271/وضعیت-راه-ها-بارش-برف-و-باران-در-محورهای-١٣-استان,0
14,https://www.hamshahrionline.ir/news/495410/خروج-خودروها-از-استان-تهران-ممنوع-شد-کدام-خودروها-مستثنی-شدند,4
15,https://www.hamshahrionline.ir/news/495215/هر-۸۰-دقیقه-یک-نفر-در-تصادفات-نوروزی-فوت-می-کند-آمار-مصدومان,2
16,https://www.hamshahrionline.ir/news/494964/سفرهای-نوروزی-چقدر-کاهش-یافتند-ماموران-پلیس-در-ماموریت-ها,6
17,https://www.hamshahrionline.ir/news/494915/آمار-عجیب-مسافران-تهرانی-دارای-علائم-کرونا-که-از-خروج-آنها-جلوگیری,6
18,https://www.hamshahrionline.ir/news/494819/شیوه-مجرمانه-و-غیراخلاقی-برخی-مسافران-نوروزی-برای-ورود-به-شهرها,3
19,https://www.hamshahrionline.ir/news/494697/فیلم-وضعیت-ورودی-شهرهای-شیراز-و-رشت-در-ایام-نوروز,4
20,https://www.hamshahrionline.ir/news/494472/فیلم-نام-این-مسافران-را-چه-باید-گذاشت,0
21,https://www.hamshahrionline.ir/news/494490/خروج-۳-میلیون-نفر-از-۱۳-استان-کشور-در-۴-روز-چه-تعداد-علائم,0
22,https://www.hamshahrionline.ir/news/494492/فیلم-اینجا-جاده-تهران-مشهد-آمده-ایم-به-امید-خدا-کرونا,5
23,https://www.hamshahrionline.ir/news/494207/ورود-۵۹-هزار-خودرو-به-مشهد-باید-در-انتظار-فاجعه-انسانی-بنشینیم,7
24,https://www.hamshahrionline.ir/news/494081/سفرها-و-بازدیدها-در-عید-کرونایی-این-آگهی-ترحیم-از-آینده-خبر,2
25,https://www.hamshahrionline.ir/news/494065/مقایسه-تردد-در-جاده-ها-طی-۲۴-ساعت-اخیر-با-مدت-مشابه-در-سال-گذشته,5
26,https://www.hamshahrionline.ir/news/494035/پیشنهاد-یک-نماینده-به-خودروهای-غیر-بومی-بنزین-ندهید,6
27,https://www.hamshahrionline.ir/news/493878/سفر-نروید-هفته-اول-فروردین-اوج-اپیدمی-کرونا-در-ایران-است,12
28,https://www.hamshahrionline.ir/news/493894/عکس-وضعیت-عجیب-عوارضی-تهران-قم-مردم-کرونا-را-جدی-نگرفته-اند,8
29,https://www.hamshahrionline.ir/news/493784/فیلم-ترافیک-در-جاده-های-هراز-و-فیروزکوه-مردمی-که-توجهی-به,4
30,https://www.hamshahrionline.ir/news/504089/پاسخ-توییتری-وزیر-ارتباطات-به-خبرنگار-AP-درباره-برنامه-فضایی,2
31,https://www.hamshahrionline.ir/news/504032/معلوم-نیست-وام-یک-میلیونی-به-حساب-چه-کسانی-رفته-است,7
32,https://www.hamshahrionline.ir/news/503988/فساد-ساختاری-تراژدی-هولناکی-که-شرکت-های-داروسازی-رانتی-برای,6
33,https://www.hamshahrionline.ir/news/504053/فیلم-تصاویر-جدید-و-جزئیات-بیشتر-از-پرتاب-ماهواره-نور,3
34,https://www.hamshahrionline.ir/news/504023/روحانی-فردی-بعد-گزارش-اشتباهش-عذرخواهی-کرده-اما-عده-ای-دنبال,6
35,https://www.hamshahrionline.ir/news/504009/گسترش-قلمرو-سپاه-به-فضا-سرلشکر-سلامی-امروز-می-توانیم-جهان,10
36,https://www.hamshahrionline.ir/news/504013/عکس-دست-نوشته-فرمانده-کل-سپاه-پس-از-پرتاب-ماهواره-بر-قاصد,4
37,https://www.hamshahrionline.ir/news/504014/روایت-روحانی-از-تماس-هایی-که-ساعت-۱۲-شب-با-وزارتخانه-ها-می-گیرد,5
38,https://www.hamshahrionline.ir/news/504005/نخستین-فیلم-از-پرتاب-موفق-اولین-ماهواره-نظامی-ایران,5
39,https://www.hamshahrionline.ir/news/503983/درگیری-لفظی-شدید-بن-سلمان-و-پوتین-بر-سر-نفت,8
40,https://www.hamshahrionline.ir/news/503973/جزئیات-نخستین-واریزی-تسهیلات-کرونایی-در-آخر-هفته-تسهیلات-بلاعوض,7
41,https://www.hamshahrionline.ir/news/503977/پزشکیان-چطور-نماینده-بداند-به-چه-جرمی-ردصلاحیت-شده-خلاف-شرع,12
42,https://www.hamshahrionline.ir/news/503933/برخی-کاسب-کرونا-شده-اند-واکنش-به-شوک-نفتی-اخیر-عبادات-رمضان,8
43,https://www.hamshahrionline.ir/news/503928/تصاویر-جزئیات-جدید-از-موفقیت-ماهواره-ای-سپاه-کدام-آیه-روی,2
44,https://www.hamshahrionline.ir/news/503915/فهرست-متقاضیان-وام-یک-میلیون-تومانی-تحویل-بانک-مرکزی-شد-وام,6
45,https://www.hamshahrionline.ir/news/503900/موافقت-مجلس-با-کلیات-طرح-اصلاح-قوانین-انتخابات-متن-کامل-طرح,4
46,https://www.hamshahrionline.ir/news/503877/پرتاب-موفق-نخستین-ماهواره-نظامی-جمهوری-اسلامی-ایران-توسط-سپاه,5
47,https://www.hamshahrionline.ir/news/503842/دو-کاندیدای-احتمالی-اصلاح-طلبان-بعد-از-پایان-کرونا-برای-انتخابات,2
48,https://www.hamshahrionline.ir/news/503839/تشکر-فرمانده-معظم-کل-قوا-از-عملکرد-سپاه-پاسداران-انقلاب-اسلامی,2
49,https://www.hamshahrionline.ir/news/503829/روایت-کرملین-از-تماس-تلفنی-پوتین-و-روحانی,0
50,https://www.hamshahrionline.ir/news/503819/توضیحات-دادستان-کردستان-درباره-اجرای-حکم-قصاص-جوان-سقزی,10
51,https://www.hamshahrionline.ir/news/503783/تأیید-تخلف-در-پرونده-ارزهای-دولتی-ماجرا-چیست-بالاخره-دلاری,12
52,https://www.hamshahrionline.ir/news/503790/تعجب-صادقی-از-خبررسانی-خبرگزاری-اصولگرا-درباره-محکومیتش-حکمم,12
53,https://www.hamshahrionline.ir/news/503786/سپهبد-قرنی-از-کودتا-تا-ترور-تصاویر-تاریخی-مراسم-ترحیم-قرنی,12
54,https://www.hamshahrionline.ir/news/503803/واکنش-آیت-الله-جزایری-به-اظهارات-منتسب-به-او-درباره-امام-زمان,5
55,https://www.hamshahrionline.ir/news/503801/بازخوانی-پیام-امام-خمینی-به-سپاه-پاسداران-وارد-سیاست-نشوید,12
56,https://www.hamshahrionline.ir/news/503774/چه-کسی-پیگیر-پرونده-محمود-صادقی-و-محکومیتش-بود-ارتباطی-به,7
57,https://www.hamshahrionline.ir/news/503772/جنجال-های-سیاسی-جهانپور-آقای-سخنگو-چطور-از-آمار-کرونا-به-چین,10
58,https://www.hamshahrionline.ir/news/503800/انتقاد-وزیر-احمدی-نژاد-از-دولت-روحانی-کرونا-را-اول-جدی-نگرفتند,4
59,https://www.hamshahrionline.ir/news/503798/مدارس-و-دانشگاه-ها-تا-پایان-سال-تحصیلی-تعطیل-باشند,0
60,https://www.hamshahrionline.ir/news/503954/هوای-پایتخت-امروز-مطلوب-است,3
61,https://www.hamshahrionline.ir/news/503944/کرونا-فراموش-شد-ادامه-فعالیت-بازار-فروش-جانوران-زنده-و-وحشی,5
62,https://www.hamshahrionline.ir/news/503913/ایجاد-۵۰-دریاچه-جدید-در-کشور-پس-از-بارندگی-های-اخیر,0
63,https://www.hamshahrionline.ir/news/503859/پساب-های-تصفیه-شده-به-دریاچه-ارومیه-سرایز-می-شود,4
64,https://www.hamshahrionline.ir/news/503668/جزئیات-مرگ-شترهای-جاسک-نمونه-کبد-شترها-به-آزمایشگاه-ارسال-شد,7
65,https://www.hamshahrionline.ir/news/503583/علت-نورهای-آبی-عجیب-در-برخی-سواحل-چیست,10
66,https://www.hamshahrionline.ir/news/503460/در-کدام-استان-های-کشور-باران-می-بارد,3
67,https://www.hamshahrionline.ir/news/503525/توصیه-های-یک-دامپزشک-در-فصل-زادآوری-حیات-وحش,10
68,https://www.hamshahrionline.ir/news/503503/هوای-مطلوب-در-پایتخت,0
69,https://www.hamshahrionline.ir/news/503552/فیلم-کویر-در-مرکز-ایران-دریا-شد-ورود-آب-به-تل-شیطان-پس-از,2
70,https://www.hamshahrionline.ir/news/503395/زمین-در-بهترین-شرایط-خود-طی-۵۰-سال-گذشته,8
71,https://www.hamshahrionline.ir/news/503223/قصه-های-درختی,3
72,https://www.hamshahrionline.ir/news/503127/متخصصان-در-روز-جهانی-زمین-گردهم-می-آیند,5
73,https://www.hamshahrionline.ir/news/503063/کیفیت-هوای-تهران-قابل-قبول-است,2
74,https://www.hamshahrionline.ir/news/503106/هشدار-سازمان-هواشناسی-نسبت-متلاطم-شدن-دریا-افزایش-ارتفاع-موج,2
75,https://www.hamshahrionline.ir/news/503026/بارش-ها-تا-پایان-هفته-ادامه-دارد-کدام-مناطق-کاهش-دما-دارند,10
76,https://www.hamshahrionline.ir/news/502935/پاسخی-به-یک-ادعای-عجیب-کرونا-بر-زلزله-ها-هم-اثر-گذاشته-است,5
77,https://www.hamshahrionline.ir/news/502653/ورود-دو-سامانه-بارشی-جدید-طی-هفته,0
78,https://www.hamshahrionline.ir/news/502773/حمایت-۱۰-میلیون-یورویی-برای-احیای-تالاب-های-بین-المللی-هامون,10
79,https://www.hamshahrionline.ir/news/502791/امپراتوری-پنگوئن-ها-در-شهر-کیپ-تاون-به-دنبال-شیوع-کرونا,1
80,https://www.hamshahrionline.ir/news/502560/آلودگی-شدید-هوا-در-کی-یف,10
81,https://www.hamshahrionline.ir/news/502692/تهران-نخستین-ماه-سال-را-بدون-هوای-ناسالم-پشت-سر-گذاشت,4
82,https://www.hamshahrionline.ir/news/502822/ایران-اولویت-سازمان-محیط-زیست-برای-تکثیر-در-اسارت-است,7
83,https://www.hamshahrionline.ir/news/502410/پسماندهای-کرونایی-با-خودروهای-مخصوص-حمل-می-شود,2
84,https://www.hamshahrionline.ir/news/502056/۱۷-آوریل-روز-جهانی-خفاش-ها-مبارک,0
85,https://www.hamshahrionline.ir/news/502313/حمایت-سازمان-ملل-متحد-از-سرمایه-گذاری-سبز,7
86,https://www.hamshahrionline.ir/news/502247/بارش-شدید-باران-در-۸-استان-در-سه-روز-آینده,0
87,https://www.hamshahrionline.ir/news/502194/چرا-آلاینده-ناکس-در-تهران-طی-روزهای-کرونایی-تغییری-نکرده-است,2
88,https://www.hamshahrionline.ir/news/502298/کیفیت-هوای-تهران-چگونه-است,7
89,https://www.hamshahrionline.ir/news/502180/کاهش-۴۵-درصدی-آلودگی-هوا-در-شهرهای-اروپایی,1
90,https://www.hamshahrionline.ir/news/504116/قهرمان-شطرنج-دنیا-فیروزجا-عصبی-ام-کرد-می-خواستم-او-را-له-کنم,10
91,https://www.hamshahrionline.ir/news/504062/مالک-شهر-خودرو-پرسپولیس-را-تهدید-کرد,0
92,https://www.hamshahrionline.ir/news/503250/راه-اندازی-کتابخانه-ورزش-در-منطقه۱۸,0
93,https://www.hamshahrionline.ir/news/504048/جواب-رد-طارمی-به-پیشنهاد-نجومی-چینی-ها,4
94,https://www.hamshahrionline.ir/news/504037/عکس-پاسخ-سخت-آزمون-و-طارمی-به-کری-خوانی-سرمربی-چین,0
95,https://www.hamshahrionline.ir/news/504031/اسلامیان-تاج-در-آینده-ای-نزدیک-برمی-گردد,2
96,https://www.hamshahrionline.ir/news/504006/پیراهن-اسطورۀ-بسکتبال-جهان-۲۱۶-هزار-دلار-برای-امور-خیریه-فروخته,4
97,https://www.hamshahrionline.ir/news/503995/فروش-امتیاز-نام-نیوکمپ-برای-کمک-به-بحران-کرونا,5
98,https://www.hamshahrionline.ir/news/503989/فرار-دقیقه-نودی-پرسپولیس-از-محکومیت-در-پرونده-بودیمیر,3
99,https://www.hamshahrionline.ir/news/503966/ملی-پوش-فوتبال-زنان-لژیونر-شدنم-را-باور-نمی-کردند-سعید-آذری,2
100,https://www.hamshahrionline.ir/news/503970/عکس-بهترین-روزهای-زندگی-مهدی-طارمی-از-زبان-خودش,3
101,https://www.hamshahrionline.ir/news/503918/تاریخ-پلی-آف-یورو-و-لیگ-ملتهای-یوفا-مشخص-شد,0
102,https://www.hamshahrionline.ir/news/503935/قلعه-نویی-بزرگواری-که-قرارداد-10-میلیاردی-اش-را-حساب-نمی-کند,2
103,https://www.hamshahrionline.ir/news/503905/اختلاف-۱۰-میلیارد-تومانی-پرسپولیس-و-کارگزار-رسمی-برند-باشگاه,4
104,https://www.hamshahrionline.ir/news/503899/تصمیمات-جدید-وزارت-ورزش-برای-فعالیت-های-ورزشی,3
105,https://www.hamshahrionline.ir/news/503885/نامزدی-یک-کشور-برای-میزبانی-متمرکز-لیگ-قهرمانان-درغرب-آسیا,4
106,https://www.hamshahrionline.ir/news/503879/آزمون-بهترین-لژیونر-لیگ-روسیه,3
107,https://www.hamshahrionline.ir/news/503802/حسین-روحانی-در-ایران-زود-پیر-می-شوید-اینجا-برای-تیم-گرفتن,4
108,https://www.hamshahrionline.ir/news/503755/عکس-خاطره-بازی-هاشمیان-با-پیراهن-ستارگان-فوتبال,0
109,https://www.hamshahrionline.ir/news/503749/نیازمند-اگر-قسمت-شود-به-اروپا-می-روم,3
110,https://www.hamshahrionline.ir/news/503742/بیل-یک-فصل-دیگر-در-رئال-ماندنی-شد,0
111,https://www.hamshahrionline.ir/news/503738/فیلم-رویش-گل-در-زمین-تمرین-استقلال,0
112,https://www.hamshahrionline.ir/news/503735/همشهری-TV-بارسلونا-بعد-از-کرونا-کهکشانی-می-شود,3
113,https://www.hamshahrionline.ir/news/503719/اساسنامه-فدراسیون-فوتبال-نیازی-به-تصویب-هیئت-دولت-ندارد,2
114,https://www.hamshahrionline.ir/news/503705/گرانترین-بازیکن-تاریخ-اتلتیکو-در-راه-منچستر,1
115,https://www.hamshahrionline.ir/news/503718/شکایت-قلعه-نویی-از-پیروانی,3
116,https://www.hamshahrionline.ir/news/503676/مناقشه-ژاپن-و-کمیته-بین-المللی-المپیک,3
117,https://www.hamshahrionline.ir/news/503666/تعیین-قیمت-نجومی-برای-فروش-سردار-آزمون,4
118,https://www.hamshahrionline.ir/news/503643/انتقاد-ماتیوس-از-روند-مذاکرات-با-نویر,0
119,https://www.hamshahrionline.ir/news/503616/قائمشهر-یک-جشن-قهرمانی-به-پرسپولیس-بدهکار-شد,0
120,https://www.hamshahrionline.ir/news/504045/بورس-سبزپوش-شد-صعود-۱۵-هزار-واحدی-شاخص-کل,7
121,https://www.hamshahrionline.ir/news/504003/قیمت-نفت-در-آستانه-صعودی-شدن-قرار-گرفت,4
122,https://www.hamshahrionline.ir/news/503948/ریزش-سنگین-بورس-های-جهان,1
123,https://www.hamshahrionline.ir/news/503794/تصاویر-بهترین-و-خاص-ترین-خودروهای-پلیس-در-دنیا,1
124,https://www.hamshahrionline.ir/news/503795/هزینه-خرید-مسکن-حوالی-میدان-رسالت-چقدر-است,4
125,https://www.hamshahrionline.ir/news/503785/جوجه-کش-کیست-اگر-شما-ندیده-بودید-دلیل-بر-نبودن-نبود,11
126,https://www.hamshahrionline.ir/news/503788/پرداخت-وام-ازدواج-۵۰-میلیون-تومانی-به-کجا-رسید,5
127,https://www.hamshahrionline.ir/news/503780/نشست-غیر-رسمی-اوپکی-ها-و-غیراوپکی-ها-برگزار-شد,0
128,https://www.hamshahrionline.ir/news/503776/تازه-ترین-قیمت-تسهیلات-مسکن-زوجین-تهرانی-برای-وام۲۴۰-میلیونی,9
129,https://www.hamshahrionline.ir/news/503787/کدام-خودروها-از-گمرک-ترخیص-می-شوند,5
130,https://www.hamshahrionline.ir/news/503784/قیمت-نفت-ایران-هیچ-ارتباطی-با-نفت-آمریکا-ندارد,4
131,https://www.hamshahrionline.ir/news/503796/۴میلیون-کارگر-با-بیمه-خاص-جامانده-از-حمایت-های-کرونایی,5
132,https://www.hamshahrionline.ir/news/503750/پشت-پرده-تصمیم-بانک-ها-نرخ-سود-سالانه-هم-تغییر-کرد,7
133,https://www.hamshahrionline.ir/news/503338/قیمت-ها-در-سایه-کرونا-رو-به-افزایش-است,4
134,https://www.hamshahrionline.ir/news/503625/دلایل-کاهش-قیمت-سکه-در-روزهای-اخیر-طلافروشان-اجازه-فروش-سکه,12
135,https://www.hamshahrionline.ir/news/503683/خانه-هایی-که-با-۴۰۰-تا-۶۰۰-میلیون-تومان-می-توان-در-تهران-خرید,0
136,https://www.hamshahrionline.ir/news/503739/تمهیدات-ویژه-برای-تدارک-کالا-در-ماه-رمضان,2
137,https://www.hamshahrionline.ir/news/503733/جزئیات-تعدیل-سهمیه-سوخت-جانبازان,10
138,https://www.hamshahrionline.ir/news/503604/کاهش-قیمت-نفت-سکه-را-گران-کرد-مراقب-سکه-های-جعلی-باشید,6
139,https://www.hamshahrionline.ir/news/503731/جزئیات-طرح-فاصله-گذاری-جدید-در-قطارها-دو-نفر-در-هر-کوپه,6
140,https://www.hamshahrionline.ir/news/503725/دلار-و-سکه-گران-شد-آخرین-نرخ-ها-از-بازار-طلا-ارز-و-سکه,6
141,https://www.hamshahrionline.ir/news/503692/روند-بورس-چه-زمانی-معکوس-می-شود-افزایش-شدید-ریسک-در-بازار,10
142,https://www.hamshahrionline.ir/news/503670/جزئیات-وام-۱۰۰-میلیون-تومانی-ازدواج-تاریخ-ازدواج-و-نحوه-بازپرداخت,2
143,https://www.hamshahrionline.ir/news/503677/کاهش-تاریخی-قیمت-نفت-آمریکا-چه-تاثیری-بر-بازار-ایران-دارد,8
144,https://www.hamshahrionline.ir/news/503658/سقوط-نفت-برنت-به-زیر-۲۰-دلار,5
145,https://www.hamshahrionline.ir/news/503637/بورس-مرز-۷۲۶-هزار-واحد-را-رد-کرد-بازار-سرمایه-بی-توجه-به-ریزش,8
146,https://www.hamshahrionline.ir/news/503621/دلار-۱۰۰-تومان-گران-شد-جدیدترین-قیمت-ارزها,3
147,https://www.hamshahrionline.ir/news/503539/جدیدترین-قیمت-خودروهای-داخلی-تیبا-۸۷-۰۰۰-۰۰۰-تومان,3
148,https://www.hamshahrionline.ir/news/503536/خرید-اوراق-کرونا-در-فرابورس-یک-ماه-دیگر-تمدید-شد,5
149,https://www.hamshahrionline.ir/news/503532/مباشرت-در-جرم-کارکنان-بانکی-در-صورت-عدم-گزارش-تخلف-مالیاتی,6
150,https://www.hamshahrionline.ir/news/504024/تحلیلگران-پاسخ-می-دهند-با-مرگ-کیم-کره-شمالی-متلاشی-می-شود,10
151,https://www.hamshahrionline.ir/news/503902/واکنش-عجیب-رسانه-های-کره-شمالی-درباره-وضعیت-جسمانی-کیم-جونگ-اون,5
152,https://www.hamshahrionline.ir/news/503771/ترفند-بایدن-برای-پیروزی-بر-ترامپ-اوباما-به-کاخ-سفید-بازمی-گردد,10
153,https://www.hamshahrionline.ir/news/503767/پایان-قرنطینه-کرونا-برای-کودکان-بازگشایی-مدارس-ابتدایی-در-فرانسه,5
154,https://www.hamshahrionline.ir/news/503804/واکنش-ترامپ-به-وضعیت-رهبر-کره-شمالی-گرین-کارتی-ها-شامل-قانون,0
155,https://www.hamshahrionline.ir/news/503792/غیبت-مشکوک-کیم-جونگ-اون-از-ماجرای-نامه-رهبر-کره-شمالی-به-ترامپ,9
156,https://www.hamshahrionline.ir/news/503789/شمار-موارد-عفونت-با-کرونا-از-۲-۵-میلیون-گذشت-کودکان-اسپانیا,0
157,https://www.hamshahrionline.ir/news/503737/رهبر-کره-شمالی-دچار-مرگ-مغزی-شده-است,2
158,https://www.hamshahrionline.ir/news/503748/عکس-روز-عروسی-در-ووهان,4
159,https://www.hamshahrionline.ir/news/503746/عکس-روز-مون-سن-میشل-در-قرنطینه,1
160,https://www.hamshahrionline.ir/news/503744/عکس-روز-آزمایشگاه-سیار-کرونا,3
161,https://www.hamshahrionline.ir/news/503641/آمریکا-ترکیه-را-با-کاتسا-تهدید-کرد,4
162,https://www.hamshahrionline.ir/news/503730/فیلم-آلودگی-شبکه-آب-پاریس-به-ویروس-کرونا,0
163,https://www.hamshahrionline.ir/news/503682/جنجال-دوباره-مفتی-مصری-افطار-کردن-با-شراب-روزه-را-باطل-نمی-کند,2
164,https://www.hamshahrionline.ir/news/503586/جزئیات-عملیات-حشد-العبی-علیه-داعش-۱۰-سرکرده-برجسته-داعش-کشته,0
165,https://www.hamshahrionline.ir/news/503546/عربستان-ممنوعیت-اقامه-نماز-در-حرمین-شریفین-را-تمدید-کرد,5
166,https://www.hamshahrionline.ir/news/502866/دلایل-موفقیت-چشمگیر-هنگ-کنک-در-مقابله-با-کرونا,10
167,https://www.hamshahrionline.ir/news/503453/۱۰-کشور-اصلی-درگیر-کرونا-جدیدترین-آمار-مبتلایان-و-فوتی-ها,5
168,https://www.hamshahrionline.ir/news/502941/افشاگری-واشنگتن-پست-از-معامله-پشت-پرده-ترامپ-با-پکن-فرماندار,10
169,https://www.hamshahrionline.ir/news/503321/فیلم-درگیری-لفظی-ترامپ-با-یک-خبرنگار-لطفا-صدایت-را-پایین-بیاور,0
170,https://www.hamshahrionline.ir/news/503306/پیشنهاد-عجیب-آمریکا-به-عراق-در-مورد-ایران,4
171,https://www.hamshahrionline.ir/news/503328/نیاز-به-آزمایش-گسترده-و-ردیابی-تماس-ها-در-پایان-قرنطینه-سازمان,5
172,https://www.hamshahrionline.ir/news/503308/افشاگری-مجری-زن-الجزیره-از-آزار-و-اذیت-عربستانی-ها-به-خاطر-پرونده,4
173,https://www.hamshahrionline.ir/news/503286/عکس-روز-گرفتن-تست-کرونا,0
174,https://www.hamshahrionline.ir/news/503281/مادری-که-۱۷-فرزندش-را-به-کرونا-مبتلا-کرد,3
175,https://www.hamshahrionline.ir/news/503280/عکس-روز-درس-خواندن-از-راه-دور,0
176,https://www.hamshahrionline.ir/news/503270/یک-آمار-حیرت-انگیز-چند-نفر-در-جهان-در-قرنطینه-هستند,4
177,https://www.hamshahrionline.ir/news/503239/هشدار-مرکل-درباره-موج-دوم-کرونا-گشایش-کاسبی-های-خرد-در-آلمان,4
178,https://www.hamshahrionline.ir/news/503170/عکس-زمانه-کرونا-و-صف-آرایی-مبارزان-آزادی-و-سلامتی,4
179,https://www.hamshahrionline.ir/news/503481/هشدار-بدافزار-سارق-دوباره-فعال-شد,0
180,https://www.hamshahrionline.ir/news/503292/انتقاد-انجمن-صنفی-روزنامه-نگاران-تهران-از-اتهام-زنی-به-خبرنگاران,10
181,https://www.hamshahrionline.ir/news/502924/حمله-هکری-به-سامانه-های-۲-شرکت-هواپیمایی-ایران-چه-اطلاعاتی,0
182,https://www.hamshahrionline.ir/news/502524/برنده-مسابقه-جهانی-عکس-های-مطبوعاتی-سخن-صریح,1
183,https://www.hamshahrionline.ir/news/502431/همشهری-TV-چطور-به-صورت-مجازی-ماسک-بزنیم,3
184,https://www.hamshahrionline.ir/news/502060/استفاده-از-دستبند-الکترونیک-برای-فاصله-گذاری-اجتماعی,3
185,https://www.hamshahrionline.ir/news/502050/واکنش-رویترز-به-متفاوت-ترین-رژه-روز-ارتش-ایران,0
186,https://www.hamshahrionline.ir/news/501742/آیفون-۲۰۲۰-SE-با-قیمت-۴۰۰-دلار-رونمایی-شد,0
187,https://www.hamshahrionline.ir/news/501698/ببینید-قرنطینه-تهران-به-روایت-نیویورکر,3
188,https://www.hamshahrionline.ir/news/501339/ماجرای-شکایت-وزارت-ارتباطات-از-رائفی-پور-پشت-پرده-ماجرایی-که,9
189,https://www.hamshahrionline.ir/news/501359/واکنش-کیهان-به-اظهارات-مرعشی-درباره-اختیارات-رئیس-جمهوری-و-رهبری,5
190,https://www.hamshahrionline.ir/news/501293/شکایت-از-رائفی-پور-به-خاطر-سامانه-پارازیت-خطرناک-هادیان,6
191,https://www.hamshahrionline.ir/news/501197/VPN-قانونی-چطور-و-از-سوی-کدام-نهاد-به-اشخاص-واگذار-می-شود,5
192,https://www.hamshahrionline.ir/news/501079/جهرمی-برایم-رزومه-بفرستید-۵۵۰-نفر-استخدام-می-شوند-شخصا-پیگیری,0
193,https://www.hamshahrionline.ir/news/500947/تولید-سریال-اسراییلی-با-نام-تهران-زندگی-جوانان-ضد-رژیم-از,2
194,https://www.hamshahrionline.ir/news/500483/دادوستدهای-نو-در-فضای-رسانه-ای,0
195,https://www.hamshahrionline.ir/news/500359/فیلم-چگونه-صدا-و-سیما-مانع-اصلی-توسعه-اینترنت-شده-است,2
196,https://www.hamshahrionline.ir/news/500068/حمله-کیهان-به-جهانپور-به-خاطر-چینی-ها-فرصت-طلبان-واکنش-محترمانه,5
197,https://www.hamshahrionline.ir/news/499771/ویروس-کرونا-اپل-و-گوگل-را-متحد-کرد,5
198,https://www.hamshahrionline.ir/news/499774/اپل-و-گوگل-برای-تکنولوژی-ردیابی-تماس-کووید-۱۹-همکاری-می-کنند,4
199,https://www.hamshahrionline.ir/news/499757/مجله-تایم-با-پنج-جلد-ویژه-مبارزان-کرونا-منتشر-شد,4
200,https://www.hamshahrionline.ir/news/499579/آیفون-۱۲-طراحی-در-چهار-مدل-منحصر-به-فرد,3
201,https://www.hamshahrionline.ir/news/499553/آمادگی-بخش-خصوصی-برای-رفع-مشکل-فرکانس-و-افزایش-کیفیت-اینترنت,0
202,https://www.hamshahrionline.ir/news/499184/روزنامه-ها-ویروس-کرونا-را-منتقل-نمی-کنند,10
203,https://www.hamshahrionline.ir/news/498906/گوگل-با-انتشار-اطلاعات-تردد-مردم-به-نبرد-با-کرونا-رفت,3
204,https://www.hamshahrionline.ir/news/499004/روزنامه-ها-و-نشریات-چاپی-از-۲۳-فروردین-منتشر-می-شوند,0
205,https://www.hamshahrionline.ir/news/498684/انتقاد-کیهان-از-چراغ-سبز-رئیس-جمهور-اهرم-زور-هم-کارساز-است,9
206,https://www.hamshahrionline.ir/news/498282/ارتقای-رایگان-اینترنت-خانگی-به-۱۶-مگابیت-جزئیات-وعده-جدید-وزیر,4
207,https://www.hamshahrionline.ir/news/498245/توقف-چاپ-نسخه-کاغذی-حیات-روزنامه-ها-را-به-خطر-می-اندازد,7
208,https://www.hamshahrionline.ir/news/498213/پر-دانلودترین-اپلیکیشن-های-جهان-را-بشناسید,4
209,https://www.hamshahrionline.ir/news/503828/بحران-کرونا-و-مزایای-تله-مدیسین,6
210,https://www.hamshahrionline.ir/news/503854/آخرین-جزییات-درمان-کووید-۱۹-در-ایران-پلاسمادرمانی-تا-فاویپراویر,8
211,https://www.hamshahrionline.ir/news/503907/احتمال-ابتلای-بیماران-کووید۱۹-به-سندروم-گیلن-باره-سندرومی,6
212,https://www.hamshahrionline.ir/news/503956/اپلیکیش-ضد-سانسور-اینترنتی-تولید-شد,3
213,https://www.hamshahrionline.ir/news/503926/هشدار-به-تولیدکنندگان-واکسن-کشف-۳۳-جهش-در-ویروس-کرونا,3
214,https://www.hamshahrionline.ir/news/503929/آسیب-هایی-که-کووید-19-و-قرنطینه-به-پوستمان-می-زند,1
215,https://www.hamshahrionline.ir/news/503951/انگلیس-از-فردا-آزمایش-بالینی-واکسن-کرونا-را-آغاز-می-کند,5
216,https://www.hamshahrionline.ir/news/503952/حفظ-سلامت-قلب-و-عروق-در-دوران-قرنطینه,3
217,https://www.hamshahrionline.ir/news/503765/آیا-لخته-های-خونی-کوچک-کووید-۱۹-را-مرگبارتر-می-کنند,0
218,https://www.hamshahrionline.ir/news/503757/اطلاع-نگاشت-هنگام-خرید-از-سوپر-مارکت-چه-نکاتی-را-باید-رعایت,2
219,https://www.hamshahrionline.ir/news/503758/سازمان-غذا-و-داروی-آمریکا-نخستین-کیت-خانگی-ویروس-کرونا-را-تایید,4
220,https://www.hamshahrionline.ir/news/503754/ویروس-کرونا-در-چشم-زن-ایتالیایی-باقی-ماند-ترشحات-چشمی-بیماران,4
221,https://www.hamshahrionline.ir/news/503736/دانشمندان-چینی-توانایی-کروناویروس-برای-جهش-یافتن-دست-کم-گرفته,2
222,https://www.hamshahrionline.ir/news/503709/هشدار-مهم-آلودگی-هوا-در-میزان-مرگ-و-میر-ناشی-از-کرونا-تاثیر,10
223,https://www.hamshahrionline.ir/news/503652/تبدیل-ویروس-کرونا-به-نت-های-موسیقی-روشی-متفاوت-برای-الهام-بخشی,3
224,https://www.hamshahrionline.ir/news/503679/همشهری-TV-آنچه-باید-از-ضدعفونی-صحیح-موبایل-بدانید,3
225,https://www.hamshahrionline.ir/news/503678/یافته-های-تازه-درباره-انتقال-کرونا-از-کودکان-پسر-۹-ساله-که,4
226,https://www.hamshahrionline.ir/news/503610/زمان-ماندگاری-پادتن-کرونا-در-خون-بهبودیافتگان-درخواست-از-بهبودیافتگان,2
227,https://www.hamshahrionline.ir/news/503487/رباتی-که-با-کرونا-مبارزه-می-کند,1
228,https://www.hamshahrionline.ir/news/503522/تولید-کیت-و-نرم-افزاری-برای-معرفی-مراکز-درمانی-کرونا,5
229,https://www.hamshahrionline.ir/news/503422/واردات-سنگ-از-ماه-توسط-چینی-ها,4
230,https://www.hamshahrionline.ir/news/503468/شارژری-که-هم-زمان-گوشی-را-ضدعفونی-می-کند,5
231,https://www.hamshahrionline.ir/news/502981/توصیه-های-تغذیه-برای-پیشگیری-از-بیماری-های-تنفسی-و-کرونا,0
232,https://www.hamshahrionline.ir/news/503369/ردیابی-تماس-چه-کمکی-به-مهار-شیوع-کرونا-می-کند,0
233,https://www.hamshahrionline.ir/news/503323/آیا-دچار-شدن-به-ویروس-کرونا-باعث-ایمنی-در-برابر-آن-می-شود,6
234,https://www.hamshahrionline.ir/news/503307/علائم-آلرژی-با-علائم-کرونا-چه-تفاوتی-دارند,0
235,https://www.hamshahrionline.ir/news/503218/۶-راه-برای-تقویت-دستگاه-تنفسی,5
236,https://www.hamshahrionline.ir/news/503219/همشهری-TV-کشف-علائم-جدید-پوستی-کرونا,1
237,https://www.hamshahrionline.ir/news/503052/خطر-قرنطینه-برای-کودکان,0
238,https://www.hamshahrionline.ir/news/503057/خوب-بخوابید-تا-کمتر-شیرینی-بخورید,5
239,https://www.hamshahrionline.ir/news/504028/تزریق-واکسن-کروناویروس-فقط-با-یک-برچسب,2
240,https://www.hamshahrionline.ir/news/504021/اظهارات-عضو-ستاد-استهلال-درباره-رویت-هلال-ماه-مبارک-رمضان,2
241,https://www.hamshahrionline.ir/news/504056/آخرین-وضعیت-آزادسازی-سهام-عدالت-ارزش-واقعی-هر-سهم-چقدر-است,10
242,https://www.hamshahrionline.ir/news/504063/جدیدترین-آمار-مبتلایان-و-فوتی-های-کرونا-در-ایران-مرگ-۹۴-بیمار,3
243,https://www.hamshahrionline.ir/news/504041/عکس-تصویری-تأثربرانگیز-از-عشق-ورزی-پنگوئن-ها,2
244,https://www.hamshahrionline.ir/news/504033/دلار-گران-شد-یورو-در-آستانه-ورود-به-کانال-۱۷-هزار-تومان-جدیدترین,2
245,https://www.hamshahrionline.ir/news/503938/۱۰-واقعیت-جالب-از-زندگی-نابغه-پزشکی-انگلیس-رکورددار-نجات-جان,11
246,https://www.hamshahrionline.ir/news/503775/چگونه-دستگاه-تنفسی-مان-را-تقویت-کنیم-راه-هایی-برای-حفظ-سلامت,7
247,https://www.hamshahrionline.ir/news/503773/خفن-ترین-خلاف-های-آرسن-لوپن-ایران,6
248,https://www.hamshahrionline.ir/news/503349/دندان-درد-دارید-این-هم-چند-راهکار-خانگی-برای-روزهای-کرونایی,3
249,https://www.hamshahrionline.ir/news/503713/قرنطینه-چه-بلایی-سر-پوست-می-آورد-چطور-مشکلات-پوستی-قرنطینه,6
250,https://www.hamshahrionline.ir/news/503674/فیلم-رفتار-زشت-و-زننده-سحر-قریشی-با-یک-پاکبان,4
251,https://www.hamshahrionline.ir/news/503623/این-هشدار-را-جدی-بگیریم-ماسک-را-ضدعفونی-نکنیم,0
252,https://www.hamshahrionline.ir/news/503573/عکس-شگفتی-جدید-کرونا-پوست-۲-پزشک-مبتلا-به-کرونا-سیاه-شد,0
253,https://www.hamshahrionline.ir/news/503409/۱۰-روش-کاربردی-برای-کاهش-مصرف-اینترنت-تلفن-همراه-حجم-مصرفی,2
254,https://www.hamshahrionline.ir/news/503224/این-مواد-غذایی-را-هرگز-در-مایکروفر-نگذارید,3
255,https://www.hamshahrionline.ir/news/503359/چه-کسانی-این-روزها-احساس-بهتری-دارند-۶-ویژگی-افراد-خوشحال,7
256,https://www.hamshahrionline.ir/news/503355/طرز-تهیه-حلیم-این-بار-حلیم-برنج-را-به-سفره-افطارتان-بیاورید,7
257,https://www.hamshahrionline.ir/news/503347/آخرین-آمار-رسمی-کرونا-در-ایران-و-جهان-جایگاه-ایران-در-بین-۱۴,2
258,https://www.hamshahrionline.ir/news/503153/تست-روانشناسی-از-کجا-بدانیم-به-خاطر-کرونا-مضطرب-شده-ایم,2
259,https://www.hamshahrionline.ir/news/503362/فیلم-قدردانی-از-مدافعان-سلامت-به-شیوه-حمید-فرخ-نژاد,3
260,https://www.hamshahrionline.ir/news/503121/تصاویر-برد-پیت-به-خاطر-دوست-قدیمی-اش-بیل-و-کلنگ-به-دست-می-گیرد,5
261,https://www.hamshahrionline.ir/news/503333/راهنمای-خرید-ایمن-خواربار-در-زمانه-کرونا,4
262,https://www.hamshahrionline.ir/photo/503256/تصاویر-بازگشایی-بازار-تهران-پس-از-۳۵-روز,0
263,https://www.hamshahrionline.ir/news/503236/واکنش-سخنگوی-وزارت-بهداشت-به-ادعای-درمان-کرونا-با-ادرار-شتر,5
264,https://www.hamshahrionline.ir/news/503246/فیلم-سورپرایز-جالب-پلیس-برای-یک-دختربچه,1
265,https://www.hamshahrionline.ir/news/503196/طرز-تهیه-بامیه-شیرینی-مخصوص-ماه-رمضان-را-در-خانه-درست-کنید,12
266,https://www.hamshahrionline.ir/news/503211/فیلم-مدل-بیرون-رفتن-بهرام-رادان-در-روزهای-کرونایی,5
267,https://www.hamshahrionline.ir/news/503190/اینفوگرافیک-۱۴-نکته-برای-تغذیه-بهبودیافتگان-کرونا,10
268,https://www.hamshahrionline.ir/news/503139/گران-ترین-خانه-دنیا-متعلق-به-ولیعهد-عربستان-را-ببینید-ذخیره-گاه,12
269,https://www.hamshahrionline.ir/news/504090/خاطرات-سردار-قربانی-در-فضای-مجازی-منتشر-شد,3
270,https://www.hamshahrionline.ir/news/503866/روزه-در-زمانه-کرونا-این-غریب-ترین-رمضان-تاریخ-است,5
271,https://www.hamshahrionline.ir/news/503741/نحسی-کرونا-بر-کتابفروشی-محبوب-تهران-هنوز-امیدوار-است-برگردد,2
272,https://www.hamshahrionline.ir/news/503671/لوور-ابوظبی-و-برگزاری-تور-کرونایی-مجازی,2
273,https://www.hamshahrionline.ir/news/503707/همشهری-آوا-پادکست-تهران-گفت-قسمت-نوزدهم-فضای-مجازی-به-کمک,3
274,https://www.hamshahrionline.ir/news/503665/فراخوان-جشنواره-ایده-های-برتر-قرآنی-در-فضای-مجازی,3
275,https://www.hamshahrionline.ir/news/503659/سایه-کرونا-بالای-سر-دوسالانه-معماری-ونیز,0
276,https://www.hamshahrionline.ir/news/503653/ارکستر-سمفونیک-تهران-فراخوان-همکاری-برای-یک-اجرای-خانگی,0
277,https://www.hamshahrionline.ir/news/503657/فراخوان-ششمین-دوره-جایزه-شعر-احمد-شاملو,3
278,https://www.hamshahrionline.ir/news/503361/استاد-جهانگیری-همواره-بر-مدار-قانون-ادب-اعتدال-و-فرهیختگی-بود,5
279,https://www.hamshahrionline.ir/news/503350/نخستین-سیاه-پوست-برنده-بوکر-از-کارکرد-خاص-ادبیات-در-روزهای-بحرانی,10
280,https://www.hamshahrionline.ir/news/503351/کتاب-بهروز-بوچانی-با-صدای-نوید-محمدزاده-منتشر-می-شود,4
281,https://www.hamshahrionline.ir/news/503324/فیلم-کنسرت-آندره-آ-بوچلی-سلن-دیون-لیدی-گاگا-و-جان-لجند-در,5
282,https://www.hamshahrionline.ir/news/503315/همشهری-آوا-همیشه-فاصله-ای-هست-۱-اردیبهشت-۹۹-فاصله-فیزیکی,4
283,https://www.hamshahrionline.ir/news/503290/همشهری-TV-جنگ-نابرابر-سینما-با-کرونا,1
284,https://www.hamshahrionline.ir/news/503207/عربانی-آینده-هنرهای-تجسمی-تحت-تاثیر-کرونا-خواهد-بود,2
285,https://www.hamshahrionline.ir/news/503183/برگزاری-نمایشگاه-نقاشی-مجازی-بهزاد-شیشه-گران,5
286,https://www.hamshahrionline.ir/news/503193/افتتاح-نمایشگاه-دائمی-مسجد-طراز-اسلامی,0
287,https://www.hamshahrionline.ir/news/503575/فیلم-کوتاه-از-استاد-شفیعی-کدکنی-به-مناسبت-روز-سعدی,4
288,https://www.hamshahrionline.ir/news/503181/دوم-اردیبهشت-سالروز-تاسیس-رسمی-سپاه-پاسداران,4
289,https://www.hamshahrionline.ir/news/502825/هوای-اردیبهشتی-سعدی-و-رازهای-دلبری-شیخ-اجل,0
290,https://www.hamshahrionline.ir/news/502893/دیوید-لینچ-از-قرنطینه-مراقبه-و-خلاقیت-می-گوید-مادر-طبیعت-همه,6
291,https://www.hamshahrionline.ir/news/502809/نیویورک-تایمز-جدیدترین-فهرست-هفتگی-کتاب-های-پرفروش,3
292,https://www.hamshahrionline.ir/news/502805/کشف-ابزار-باستانی-به-عنوان-دربازکن,3
293,https://www.hamshahrionline.ir/news/502504/حشمت-الله-کامرانی-درگذشت,1
294,https://www.hamshahrionline.ir/news/502384/تصاویر-کنسرت-های-خانگی-تک-نفره-در-تهران,2
295,https://www.hamshahrionline.ir/news/502461/شاعر-ایرانی-برگزیده-جایزه-جهانی-عکاسی-کورتانا-شد,5
296,https://www.hamshahrionline.ir/news/497755/فیلم-کوتاه-ترسناکی-که-کارگردان-آنابل-در-قرنطینه-ساخت-در-تاریکی,2
297,https://www.hamshahrionline.ir/news/500503/چگونه-با-دست-خالی-جهان-را-تغییر-دهیم-ناامیدی-را-کنار-بگذاریم,9
298,https://www.hamshahrionline.ir/news/502026/چراغ-کتاب-فروشی-های-آلمان-از-هفته-آینده-روشن-می-شود,1
299,https://www.hamshahrionline.ir/news/504117/حاشیه-جنجالی-خانم-بازیگر-حذف-زیرخاکی-از-جدول-پخش-رمضان,2
300,https://www.hamshahrionline.ir/news/504078/معرفی-برنامه-های-نمایشی-رادیو-در-ماه-رمضان,0
301,https://www.hamshahrionline.ir/news/504070/تاسیس-کمپانی-فیلمسازی-پل-مدیا-توسط-شهاب-حسینی,4
302,https://www.hamshahrionline.ir/news/504081/رونمایی-از-مستند-جدید-مایکل-مور-در-فضای-مجازی,0
303,https://www.hamshahrionline.ir/news/503909/هاشمی-با-قطعه-ای-برای-سردار-جنگل-خواننده-شد,0
304,https://www.hamshahrionline.ir/news/503875/خالق-تهران-۱۵۰۰-انیمیشن-سینمایی-می-سازد,3
305,https://www.hamshahrionline.ir/news/503851/کارگردان-خروج-از-۲۰-سال-پیش-تا-امروز-خاطره-بازی-با-قهرمان-های,3
306,https://www.hamshahrionline.ir/news/503793/واقعا-چند-می-گیری-مجری-باشی-جنجال-دستمزدهای-نجومی-مجری-های,8
307,https://www.hamshahrionline.ir/news/503836/انیمیشنی-که-نقی-را-عصبانی-کرد-پایتخت-گوشت-قربانی-شده-است,6
308,https://www.hamshahrionline.ir/news/503807/فیلم-شوخی-نون-خ-با-بهروز-وثوقی-ماجرای-سکانسی-که-حذف-شد,2
309,https://www.hamshahrionline.ir/news/503711/شوخی-با-نوید-محمدزاده-در-سریال-نون-خ,5
310,https://www.hamshahrionline.ir/news/503662/معرفی-فیلم-های-قرنطینه-ای-گی-یرمو-دل-تورو,1
311,https://www.hamshahrionline.ir/news/503701/نون-خ-زودتر-می-رود-تا-زیر-خاکی-بیاید-آنتن-شبکه-یک-در-اختیار,10
312,https://www.hamshahrionline.ir/news/503607/یک-مستند-درباره-خانه-سینما-ناگفته-هایی-از-آخرین-فیلم-سیامک,2
313,https://www.hamshahrionline.ir/news/503624/چاپلین-تروفو-کیشلوفسکی-لینچ-و-دیگران-بزرگان-سینما-به-نتفلیکس,2
314,https://www.hamshahrionline.ir/news/503526/مهار-بسترهای-قاچاق-فیلم-خروج-در-چهار-سایت-و-یک-کانال,6
315,https://www.hamshahrionline.ir/news/503417/چتر-حمایت-از-سینماگران-باز-شد-آغاز-نام-نویسی-فعالان-آسیب-دیده,3
316,https://www.hamshahrionline.ir/news/503440/قطار-سینمای-آنلاین-روی-ریل-کیمیایی-با-خون-شد-می-آید,4
317,https://www.hamshahrionline.ir/news/503202/ادریس-سینمای-جهان-و-۴۰-میلیون-دلار-کمک-برای-مبتلایان-به-کرونا,4
318,https://www.hamshahrionline.ir/news/503191/جنگ-و-گریز-کرونا-با-ونیز-۷۷,10
319,https://www.hamshahrionline.ir/news/503212/صفر-را-در-قرنطینه-ببینید,3
320,https://www.hamshahrionline.ir/news/503203/فیلم-پژمان-جمشیدی-به-دنبال-گنج,3
321,https://www.hamshahrionline.ir/news/503194/نون-خ۲-و-کمک-های-مالی-استاندار-خبری-که-تکذیب-شد,0
322,https://www.hamshahrionline.ir/news/503182/فیلم-برادران-محمودی-در-صف-اکران-آنلاین,5
323,https://www.hamshahrionline.ir/news/503143/۱۷-میلیون-دقیقه-تماشای-رد-خون-ماجرای-نیمروز-۲-رکورد-شکست,10
324,https://www.hamshahrionline.ir/news/502940/حضور-نامحسوس-وریا-غفوری-در-سریال-نون-خ,0
325,https://www.hamshahrionline.ir/news/502801/خالق-تام-و-جری-و-ملوان-زبل-انیماتور-برنده-اسکار-درگذشت,0
326,https://www.hamshahrionline.ir/news/502881/معرفی-ویژه-برنامه-های-سحر-و-افطار-تلویزیون,1
327,https://www.hamshahrionline.ir/news/502824/گیج-گاه-به-صف-اکران-پیوست,3
328,https://www.hamshahrionline.ir/news/502820/ادعایی-عجیب-در-مورد-دستمزد-محمدرضا-گلزار-در-برنده-باش,6
329,https://www.hamshahrionline.ir/news/503957/با-قهرمانان-این-روزهای-سخت-آشنا-شوید,4
330,https://www.hamshahrionline.ir/news/503258/بهترین-موقعیت-های-خرید-ملک-در-تهرانپارس-سعادت-آباد-و-پونک-در,7
331,https://www.hamshahrionline.ir/news/502860/بازگشایی-بازار-بزرگ-تهران-و-پاساژها-از-امروز,6
332,https://www.hamshahrionline.ir/news/502865/عرضه-آش-حلیم-و-کباب-در-ماه-رمضان-فقط-به-صورت-بیرون-بر,5
333,https://www.hamshahrionline.ir/news/502862/طلا-و-دلار-عقب-نشستند,8
334,https://www.hamshahrionline.ir/news/502868/ردیابی-اثر-قتل-عام-جوجه-ها-بر-بازار-مرغ,0
335,https://www.hamshahrionline.ir/news/502873/کاهش-۷۰-درصدی-کاسبی-های-آنلاین,3
336,https://www.hamshahrionline.ir/news/502875/بازار-گل-مثل-زمستان-یخ-زد,2
337,https://www.hamshahrionline.ir/news/502084/کرونا-بازار-فروش-آنلاین-خرما-را-داغ-کرد,2
338,https://www.hamshahrionline.ir/news/500870/حکم-تخلیه-مستاجران-با-کرونا-آمد,0
339,https://www.hamshahrionline.ir/news/501587/احتمال-تغییر-نرخ-شیر-خام-تا-اردیبهشت-ماه,0
340,https://www.hamshahrionline.ir/news/501557/طلای-کم-اجرت-بخریم-یا-نخریم,2
341,https://www.hamshahrionline.ir/news/501134/گره-سرنوشت-بازار-خودرو-به-کرونا,4
342,https://www.hamshahrionline.ir/news/501140/مکانیکی-ها-خلع-سلاح-شدند-تعمیرگاه-هایی-که-لوازم-یدکی-ندارند,2
343,https://www.hamshahrionline.ir/news/501108/بهترین-برنامه-های-معاملاتی-فارکس,0
344,https://www.hamshahrionline.ir/news/500465/آخرین-وضعیت-بازار-خودرو-جدیدترین-قیمت-پرطرفدارها-احتمال,2
345,https://www.hamshahrionline.ir/news/499721/بازگشایی-مشروط-واحدهای-صنفی-استان-ها,7
346,https://www.hamshahrionline.ir/news/499699/بازگشت-به-سرکار-بدون-ماسک-و-دستکش,8
347,https://www.hamshahrionline.ir/news/499702/تجارت-طلای-سرخ-قربانی-کرونا-کاهش-قیمت-زعفران-در-بازارهای-داخلی,4
348,https://www.hamshahrionline.ir/news/499695/گرانی-نوبرانه-های-بهاری-با-طعم-کرونا-منشاء-گرانی-و-عرضه-چند,2
349,https://www.hamshahrionline.ir/news/498950/کرونا-سیگار-را-گران-کرد,10
350,https://www.hamshahrionline.ir/news/499008/سرگیجه-اصناف-برای-بازگشایی-کسب-وکارها,6
351,https://www.hamshahrionline.ir/news/498852/سقوط-آزاد-نرخ-مرغ,5
352,https://www.hamshahrionline.ir/news/498898/پشت-پرده-دپوی-دام-زنده-و-بالا-ماندن-قیمت-گوشت-قرمز,6
353,https://www.hamshahrionline.ir/news/498939/معرفی-فروشگاه-اینترنتی-دکتر-قشلاق,7
354,https://www.hamshahrionline.ir/news/498613/کرکره-ها-بالا-رفت-جلسه-بازی-ادامه-دارد-کدام-مشاغل-بازگشایی,9
355,https://www.hamshahrionline.ir/news/498618/بورس-کالای-ایران-بین-المللی-می-شود,10
356,https://www.hamshahrionline.ir/news/498611/چرا-رئیس-جمهوری-کشور-را-تعطیل-یا-نیمه-تعطیل-نمی-کند-دارایی,8
357,https://www.hamshahrionline.ir/news/498155/عملیات-واکنش-سریع-را-اجرا-کنید,12
358,https://www.hamshahrionline.ir/news/498173/قد-کشیدن-نرخ-برنج-در-سایه-کرونا,10
359,https://www.hamshahrionline.ir/news/493725/تصاویر-انکار-ترافیک-در-عوارضی-تهران-قم-دوربین-مرکز-مدیریت,2
360,https://www.hamshahrionline.ir/news/493753/فیلم-ترافیک-سنگین-آزادراه-تهران-قم-مردم-توجهی-به-کرونا,10
361,https://www.hamshahrionline.ir/news/493691/تصاویر-آخرین-وضعیت-جاده-ها-ترافیک-سنگین-در-عوارضی-تهران,2
362,https://www.hamshahrionline.ir/news/502902/دستور-روحانی-به-وزیر-اطلاعات-درباره-ماجرای-جوجه-کشی,8
363,https://www.hamshahrionline.ir/news/502892/واکنش-انتقادی-دفتر-رئیس-جمهور-به-اظهارات-رئیس-دیوان-محاسبات,9
364,https://www.hamshahrionline.ir/news/502781/ترامپ-چین-را-تهدید-کرد-منتظر-همه-چیز-باش,2
365,https://www.hamshahrionline.ir/news/502888/افتتاح-سپرده-بانکی-با-سود-بالاتر-از-۱۵-درصد-ممنوع-شد-جزئیات,2
366,https://www.hamshahrionline.ir/news/502887/اولین-تصاویر-واضح-از-لحظه-رهگیری-ناو-آمریکایی-توسط-سپاه-در-خلیج,5
367,https://www.hamshahrionline.ir/news/502842/ورود-سازمان-تعزیرات-به-ماجرای-۴-۸-میلیارد-دلار-ارز-دولتی,8
368,https://www.hamshahrionline.ir/news/502880/واکنش-علم-الهدی-به-تعطیلی-اجتماعات-مذهبی-و-مساجد-در-ماه-رمضان,6
369,https://www.hamshahrionline.ir/news/502845/دولت-با-بی-پولی-مواجه-شده-است-موج-بعدی-کرونا-خطرناک-تر-است,7
370,https://www.hamshahrionline.ir/news/502853/واکنش-تند-ظریف-به-ترامپ-در-امور-کشور-من-دخالت-نکن,4
371,https://www.hamshahrionline.ir/news/502685/توضیحات-روحانی-درباره-زمان-بازگشایی-مدارس-دانشگاه-ها-اماکن,6
372,https://www.hamshahrionline.ir/news/502813/تقابل-سپاه-و-ناو-آمریکایی-در-خلیج-فارس-تنش-زا-می-شود,6
373,https://www.hamshahrionline.ir/news/502826/زمان-واریز-وام-یک-میلیونی-اعلام-شد,5
374,https://www.hamshahrionline.ir/news/502782/واکنش-سپاه-به-روایت-آمریکایی-ها-از-ماجرای-خلیج-فارس-هرگونه,9
375,https://www.hamshahrionline.ir/news/502767/جزئیات-رویارویی-نیروی-دریایی-سپاه-با-ناو-آمریکایی-در-خلیج-فارس,8
376,https://www.hamshahrionline.ir/news/502729/نمایندگان-مجلس-دولت-را-دادگاهی-می-کنند-درخواست-نمایندگان-برای,6
377,https://www.hamshahrionline.ir/news/502673/توضیحات-روحانی-درباره-استمرار-تعطیلی-یا-بازگشایی-مدارس-و-دانشگاه-ها,10
378,https://www.hamshahrionline.ir/news/502649/اظهارات-رئیس-جمهور-درباره-ادامه-تعطیلی-اماکن-مذهبی-و-مساجد,10
379,https://www.hamshahrionline.ir/news/502642/روایت-دختر-سردار-سلیمانی-از-وصیت-پدرش,4
380,https://www.hamshahrionline.ir/news/502605/تصاویر-و-ویژگی-های-سامانه-های-راداری-جدید-ارتش-خلیج-فارس,10
381,https://www.hamshahrionline.ir/news/502553/جزئیات-پرداخت-وام-یارانه-۲-میلیون-تومانی-به-۴-میلیون-خانوار,4
382,https://www.hamshahrionline.ir/news/502569/واکنش-به-انتقاد-کدخدایی-از-اصلاح-یک-قانون-از-چپ-ترین-تا-راست-ترین,10
383,https://www.hamshahrionline.ir/news/502520/روایت-و-انتقاد-فاضل-میبدی-از-وقایع-تلخ-همزاد-کرونا-تلخناکی,8
384,https://www.hamshahrionline.ir/news/502505/برای-اصلاح-تا-ابد-که-نمی-شود-منتظر-ماند-روایتی-متفاوت-از-استقبال,6
385,https://www.hamshahrionline.ir/news/502515/شورای-ائتلاف-اصولگرایان-مجلسیان-را-فراخواند-محتوای-دعوتنامه,5
386,https://www.hamshahrionline.ir/news/502529/یاوه-گویی-ترامپ-ایرانی-ها-اکنون-ملتی-متفاوتند-می-خواهند-توافق,5
387,https://www.hamshahrionline.ir/news/502518/سردار-رشید-اصولگرایان-چماقی-بالای-سر-رقیب-گرفته-اند-و-می-گویند,9
388,https://www.hamshahrionline.ir/news/502531/سرنوشت-دلارهای-گم-شده-چه-شد-سرنوشت-متهمان-مرتبط-با-گزارش,2
389,https://www.hamshahrionline.ir/news/502511/مأموریت-شگفت-انگیز-موساد,2
390,https://www.hamshahrionline.ir/news/502502/قیاس-درآمد-ارزی-موسوی-خاتمی-هاشمی-و-احمدی-نژاد-با-روحانی,8
391,https://www.hamshahrionline.ir/news/502497/تکلیف-تغییر-ساعت-کاری-فردا-مشخص-می-شود-وزارت-بهداشت-خطر-را,2
392,https://www.hamshahrionline.ir/news/502156/مرکز-تحقیقات-یوز-آسیایی-تاسیس-می-شود-حال-هر-سه-یوز-منتقل-شده,6
393,https://www.hamshahrionline.ir/news/502075/سامانه-بارشی-تا-فردا-در-تهران-تهران-گرم-می-شود,0
394,https://www.hamshahrionline.ir/news/502001/عکس-لذت-بردن-شیرهای-آفریقا-از-دنیای-بدون-انسان-در-زمانه-کرونا,5
395,https://www.hamshahrionline.ir/news/501979/پیش-بینی-۵-روز-بارندگی-وضعیت-جوی-تهران,3
396,https://www.hamshahrionline.ir/news/501779/بهار-گوسفندان-عاشق-می-شوند,7
397,https://www.hamshahrionline.ir/news/500295/زباله-های-کرونایی-چالشی-جدید-برای-بشر-یا-طبیعت,6
398,https://www.hamshahrionline.ir/news/501273/خطری-برای-انسان-ها-موش-های-گرسنه,1
399,https://www.hamshahrionline.ir/news/501705/عکس-روز-لیسیدن-یوزپلنگ-ها,1
400,https://www.hamshahrionline.ir/news/501451/بارندگی-ها-در-تهران-از-عصر-جمعه-آغاز-می-شود,4
401,https://www.hamshahrionline.ir/news/501489/برداشت-برخی-گونه-های-گیاهی-تا-اطلاع-ثانوی-ممنوع-شد,4
402,https://www.hamshahrionline.ir/news/501579/هشدار-هواشناسی-درباره-تشدید-بارش-ها-در-کشور,4
403,https://www.hamshahrionline.ir/news/501598/یک-لوله-دار-۴۶-متری-درازترین-جانور-دنیا-در-استرالیا-کشف-شد,4
404,https://www.hamshahrionline.ir/news/501465/مار-پیتون-در-قزوین-۲۰-تخم-گذاشت,10
405,https://www.hamshahrionline.ir/news/501410/کیفیت-هوای-تهران-سالم-است,0
406,https://www.hamshahrionline.ir/news/501309/کرونا-عامل-امحای-۴۰۰-میلیون-شاخه-گل-هلندی,10
407,https://www.hamshahrionline.ir/news/501358/وضعیت-بارش-ها-در-اردیبهشت,6
408,https://www.hamshahrionline.ir/news/501114/تعطیلی-مجدد-بوستان-های-پایتخت-تا-اطلاع-ثانوی,2
409,https://www.hamshahrionline.ir/news/502919/یورش-زرد-به-اینستاگرام-علی-کریمی,3
410,https://www.hamshahrionline.ir/news/502909/یحیی-گل-محمدی-دستشان-به-جام-نمی-رسد-می-گویند-لیگ-را-لغو-کنید,10
411,https://www.hamshahrionline.ir/news/502908/بیانیه-پرسپولیس-علیه-بازیکن-استقلال,5
412,https://www.hamshahrionline.ir/news/502907/بدهی-۱۵۰-هزاردلاری-پرسپولیس-به-یک-هوادار,1
413,https://www.hamshahrionline.ir/news/502906/عکس-شادی-دیاباته-گونه-یک-پرستار-در-بیمارستان,6
414,https://www.hamshahrionline.ir/news/502899/عکس-دستیار-اسپانیایی-مجیدی-در-راه-ایران,0
415,https://www.hamshahrionline.ir/news/502688/عکس-روز-باشکوه-مهرداد-اولادی-در-آزادی,4
416,https://www.hamshahrionline.ir/news/502726/اولین-مخالفت-جدی-فرهاد-مجیدی-با-تصمیمات-سعادتمند,10
417,https://www.hamshahrionline.ir/news/502814/واکنش-مدیرعامل-تراکتور-در-خصوص-جذب-انصاری-و-ادامه-لیگ-برتر,4
